<?xml version="1.0" encoding="UTF-8"?>
<project-private xmlns="http://www.netbeans.org/ns/project-private/1">
    <editor-bookmarks xmlns="http://www.netbeans.org/ns/editor-bookmarks/2" lastBookmarkId="0"/>
    <open-files xmlns="http://www.netbeans.org/ns/projectui-open-files/2">
        <group>
            <file>file:/C:/Users/Lavilia/OneDrive/Documents/Desktop/Documents/SEMESTER%203/ProjectAkhirPemvis/src/projectakhirpemvis/Registrasi.java</file>
            <file>file:/C:/Users/Lavilia/OneDrive/Documents/Desktop/Documents/SEMESTER%203/ProjectAkhirPemvis/src/projectakhirpemvis/Admin.java</file>
            <file>file:/C:/Users/Lavilia/OneDrive/Documents/Desktop/Documents/SEMESTER%203/ProjectAkhirPemvis/src/projectakhirpemvis/Pesanan.java</file>
            <file>file:/C:/Users/Lavilia/OneDrive/Documents/Desktop/Documents/SEMESTER%203/ProjectAkhirPemvis/src/projectakhirpemvis/Keranjang.java</file>
            <file>file:/C:/Users/Lavilia/OneDrive/Documents/Desktop/Documents/SEMESTER%203/ProjectAkhirPemvis/src/projectakhirpemvis/Detail.java</file>
            <file>file:/C:/Users/Lavilia/OneDrive/Documents/Desktop/Documents/SEMESTER%203/ProjectAkhirPemvis/src/projectakhirpemvis/User.java</file>
            <file>file:/C:/Users/Lavilia/OneDrive/Documents/Desktop/Documents/SEMESTER%203/ProjectAkhirPemvis/src/projectakhirpemvis/kontak.java</file>
            <file>file:/C:/Users/Lavilia/OneDrive/Documents/Desktop/Documents/SEMESTER%203/ProjectAkhirPemvis/src/projectakhirpemvis/Login.java</file>
            <file>file:/C:/Users/Lavilia/OneDrive/Documents/Desktop/Documents/SEMESTER%203/ProjectAkhirPemvis/src/projectakhirpemvis/Koneksi.java</file>
            <file>file:/C:/Users/Lavilia/OneDrive/Documents/Desktop/Documents/SEMESTER%203/ProjectAkhirPemvis/src/projectakhirpemvis/Produk.java</file>
            <file>file:/C:/Users/Lavilia/OneDrive/Documents/Desktop/Documents/SEMESTER%203/ProjectAkhirPemvis/src/projectakhirpemvis/Struk.java</file>
            <file>file:/C:/Users/Lavilia/OneDrive/Documents/Desktop/Documents/SEMESTER%203/ProjectAkhirPemvis/src/projectakhirpemvis/Main.java</file>
        </group>
    </open-files>
</project-private>
